antecedents,consequents,antecedent support,consequent support,support,confidence,lift,leverage,conviction,support_perc,Rule
{'pink_happy_birthday_bunting'},{'blue_happy_birthday_bunting'},0.01564731449860292,0.01496429680223533,0.010431542999068613,0.6666666666666667,44.550484094052564,0.010197391940753598,2.955107109593295,6.477207698893892e-07,{'pink_happy_birthday_bunting'} => {'blue_happy_birthday_bunting'}
{'blue_happy_birthday_bunting'},{'pink_happy_birthday_bunting'},0.01496429680223533,0.01564731449860292,0.010431542999068613,0.6970954356846474,44.550484094052564,0.010197391940753598,3.2497122904909146,6.477207698893892e-07,{'blue_happy_birthday_bunting'} => {'pink_happy_birthday_bunting'}
{'wooden_star_christmas_scandinavian'},{'wooden_heart_christmas_scandinavian'},0.017199627444892892,0.018565662837628064,0.012480596088171375,0.7256317689530685,39.0846141772213,0.01216127360409668,3.577069886762854,7.749516354033762e-07,{'wooden_star_christmas_scandinavian'} => {'wooden_heart_christmas_scandinavian'}
{'wooden_heart_christmas_scandinavian'},{'wooden_star_christmas_scandinavian'},0.018565662837628064,0.017199627444892892,0.012480596088171375,0.6722408026755853,39.0846141772213,0.01216127360409668,2.9985439938160923,7.749516354033762e-07,{'wooden_heart_christmas_scandinavian'} => {'wooden_star_christmas_scandinavian'}
{'feltcraft_princess_charlotte_doll'},{'feltcraft_princess_lola_doll'},0.017572182552002484,0.014778019248680534,0.010121080409810617,0.5759717314487632,38.97489384446358,0.009861398357815796,2.3234818379385285,6.284433660236335e-07,{'feltcraft_princess_charlotte_doll'} => {'feltcraft_princess_lola_doll'}
{'feltcraft_princess_lola_doll'},{'feltcraft_princess_charlotte_doll'},0.014778019248680534,0.017572182552002484,0.010121080409810617,0.6848739495798318,38.97489384446357,0.009861398357815796,3.1175709407016448,6.284433660236335e-07,{'feltcraft_princess_lola_doll'} => {'feltcraft_princess_charlotte_doll'}
"{'pink_regency_teacup_and_saucer', 'roses_regency_teacup_and_saucer_'}","{'green_regency_teacup_and_saucer', 'regency_cakestand_3_tier'}",0.019807513194660044,0.016392424712822106,0.010121080409810617,0.5109717868338558,31.171214496057754,0.009796387241018922,2.0113513879269855,6.284433660236335e-07,"{'pink_regency_teacup_and_saucer', 'roses_regency_teacup_and_saucer_'} => {'green_regency_teacup_and_saucer', 'regency_cakestand_3_tier'}"
"{'green_regency_teacup_and_saucer', 'regency_cakestand_3_tier'}","{'pink_regency_teacup_and_saucer', 'roses_regency_teacup_and_saucer_'}",0.016392424712822106,0.019807513194660044,0.010121080409810617,0.6174242424242423,31.17121449605775,0.009796387241018922,2.5620872922436604,6.284433660236335e-07,"{'green_regency_teacup_and_saucer', 'regency_cakestand_3_tier'} => {'pink_regency_teacup_and_saucer', 'roses_regency_teacup_and_saucer_'}"
"{'green_regency_teacup_and_saucer', 'roses_regency_teacup_and_saucer_'}","{'regency_cakestand_3_tier', 'pink_regency_teacup_and_saucer'}",0.02502328469419435,0.013411983855945359,0.010121080409810617,0.4044665012406947,30.157097233710132,0.009785468519469358,1.6566457104418917,6.284433660236335e-07,"{'green_regency_teacup_and_saucer', 'roses_regency_teacup_and_saucer_'} => {'regency_cakestand_3_tier', 'pink_regency_teacup_and_saucer'}"
"{'regency_cakestand_3_tier', 'pink_regency_teacup_and_saucer'}","{'green_regency_teacup_and_saucer', 'roses_regency_teacup_and_saucer_'}",0.013411983855945359,0.02502328469419435,0.010121080409810617,0.7546296296296295,30.157097233710132,0.009785468519469358,3.9734900095481875,6.284433660236335e-07,"{'regency_cakestand_3_tier', 'pink_regency_teacup_and_saucer'} => {'green_regency_teacup_and_saucer', 'roses_regency_teacup_and_saucer_'}"
"{'green_regency_teacup_and_saucer', 'regency_cakestand_3_tier', 'roses_regency_teacup_and_saucer_'}",{'pink_regency_teacup_and_saucer'},0.01328779882024216,0.02669978267618752,0.010121080409810617,0.7616822429906541,28.527657031080196,0.009766299069065251,4.084044049162663,6.284433660236335e-07,"{'green_regency_teacup_and_saucer', 'regency_cakestand_3_tier', 'roses_regency_teacup_and_saucer_'} => {'pink_regency_teacup_and_saucer'}"
"{'regency_cakestand_3_tier', 'pink_regency_teacup_and_saucer', 'roses_regency_teacup_and_saucer_'}",{'green_regency_teacup_and_saucer'},0.011176653213287799,0.0334057746041602,0.010121080409810617,0.9055555555555554,27.1077550598926,0.009747715651738662,10.234527092426527,6.284433660236335e-07,"{'regency_cakestand_3_tier', 'pink_regency_teacup_and_saucer', 'roses_regency_teacup_and_saucer_'} => {'green_regency_teacup_and_saucer'}"
{'green_regency_teacup_and_saucer'},"{'pink_regency_teacup_and_saucer', 'roses_regency_teacup_and_saucer_'}",0.0334057746041602,0.019807513194660044,0.01782055262340888,0.533457249070632,26.932065819067486,0.017158867302159136,2.1009703502042747,1.1065229818943731e-06,"{'green_regency_teacup_and_saucer'} => {'pink_regency_teacup_and_saucer', 'roses_regency_teacup_and_saucer_'}"
"{'pink_regency_teacup_and_saucer', 'roses_regency_teacup_and_saucer_'}",{'green_regency_teacup_and_saucer'},0.019807513194660044,0.0334057746041602,0.01782055262340888,0.8996865203761756,26.932065819067486,0.017158867302159136,9.635736184414782,1.1065229818943731e-06,"{'pink_regency_teacup_and_saucer', 'roses_regency_teacup_and_saucer_'} => {'green_regency_teacup_and_saucer'}"
"{'green_regency_teacup_and_saucer', 'pink_regency_teacup_and_saucer'}","{'regency_cakestand_3_tier', 'roses_regency_teacup_and_saucer_'}",0.021359826140950014,0.01769636758770568,0.010121080409810617,0.4738372093023256,26.775958792329664,0.009743089074810881,1.8669196107725372,6.284433660236335e-07,"{'green_regency_teacup_and_saucer', 'pink_regency_teacup_and_saucer'} => {'regency_cakestand_3_tier', 'roses_regency_teacup_and_saucer_'}"
"{'regency_cakestand_3_tier', 'roses_regency_teacup_and_saucer_'}","{'green_regency_teacup_and_saucer', 'pink_regency_teacup_and_saucer'}",0.01769636758770568,0.021359826140950014,0.010121080409810617,0.5719298245614035,26.775958792329664,0.009743089074810881,2.2861676192608953,6.284433660236335e-07,"{'regency_cakestand_3_tier', 'roses_regency_teacup_and_saucer_'} => {'green_regency_teacup_and_saucer', 'pink_regency_teacup_and_saucer'}"
"{'green_regency_teacup_and_saucer', 'roses_regency_teacup_and_saucer_'}",{'pink_regency_teacup_and_saucer'},0.02502328469419435,0.02669978267618752,0.01782055262340888,0.7121588089330024,26.67283166945582,0.01715243636022952,3.3813792032887617,1.1065229818943731e-06,"{'green_regency_teacup_and_saucer', 'roses_regency_teacup_and_saucer_'} => {'pink_regency_teacup_and_saucer'}"
{'pink_regency_teacup_and_saucer'},"{'green_regency_teacup_and_saucer', 'roses_regency_teacup_and_saucer_'}",0.02669978267618752,0.02502328469419435,0.01782055262340888,0.6674418604651162,26.67283166945582,0.01715243636022952,2.931748164905569,1.1065229818943731e-06,"{'pink_regency_teacup_and_saucer'} => {'green_regency_teacup_and_saucer', 'roses_regency_teacup_and_saucer_'}"
{'pink_regency_teacup_and_saucer'},"{'green_regency_teacup_and_saucer', 'regency_cakestand_3_tier'}",0.02669978267618752,0.016392424712822106,0.01167339335610059,0.4372093023255814,26.67142353770261,0.011235719178732475,1.7477324684854814,7.248303853524117e-07,"{'pink_regency_teacup_and_saucer'} => {'green_regency_teacup_and_saucer', 'regency_cakestand_3_tier'}"
"{'green_regency_teacup_and_saucer', 'regency_cakestand_3_tier'}",{'pink_regency_teacup_and_saucer'},0.016392424712822106,0.02669978267618752,0.01167339335610059,0.7121212121212122,26.67142353770261,0.011235719178732475,3.3809375970195594,7.248303853524117e-07,"{'green_regency_teacup_and_saucer', 'regency_cakestand_3_tier'} => {'pink_regency_teacup_and_saucer'}"
"{'regency_cakestand_3_tier', 'pink_regency_teacup_and_saucer'}",{'green_regency_teacup_and_saucer'},0.013411983855945359,0.0334057746041602,0.01167339335610059,0.8703703703703705,26.054488503373264,0.011225355646414244,7.456584024482198,7.248303853524117e-07,"{'regency_cakestand_3_tier', 'pink_regency_teacup_and_saucer'} => {'green_regency_teacup_and_saucer'}"
{'spaceboy_lunch_box_'},{'dolly_girl_lunch_box'},0.024837007140639553,0.021918658801614404,0.013722446445203353,0.5525,25.2068342776204,0.013178052560034414,2.1856566283762806,8.520612508663988e-07,{'spaceboy_lunch_box_'} => {'dolly_girl_lunch_box'}
{'dolly_girl_lunch_box'},{'spaceboy_lunch_box_'},0.021918658801614404,0.024837007140639553,0.013722446445203353,0.6260623229461757,25.2068342776204,0.013178052560034414,2.6078222460557146,8.520612508663988e-07,{'dolly_girl_lunch_box'} => {'spaceboy_lunch_box_'}
{'jumbo_bag_vintage_christmas_'},"{""jumbo_bag_50's_christmas_""}",0.016516609748525302,0.025892579944116735,0.010245265445513815,0.6203007518796992,23.956699302212364,0.009817607807194345,2.5654710270778707,6.361543275699357e-07,"{'jumbo_bag_vintage_christmas_'} => {""jumbo_bag_50's_christmas_""}"
{'green_regency_teacup_and_saucer'},{'pink_regency_teacup_and_saucer'},0.0334057746041602,0.02669978267618752,0.021359826140950014,0.6394052044609665,23.94795539033457,0.02046789921888923,2.6991521490732526,1.3262853859639872e-06,{'green_regency_teacup_and_saucer'} => {'pink_regency_teacup_and_saucer'}
{'pink_regency_teacup_and_saucer'},{'green_regency_teacup_and_saucer'},0.02669978267618752,0.0334057746041602,0.021359826140950014,0.7999999999999999,23.94795539033457,0.02046789921888923,4.8329711269791975,1.3262853859639872e-06,{'pink_regency_teacup_and_saucer'} => {'green_regency_teacup_and_saucer'}
{'hand_warmer_owl_design'},{'hand_warmer_scotty_dog_design'},0.02452654455138156,0.02049053089102763,0.011921763427506985,0.4860759493670886,23.72197928653625,0.011419201508726735,1.9059420704337144,7.402523084450161e-07,{'hand_warmer_owl_design'} => {'hand_warmer_scotty_dog_design'}
{'hand_warmer_scotty_dog_design'},{'hand_warmer_owl_design'},0.02049053089102763,0.02452654455138156,0.011921763427506985,0.5818181818181818,23.721979286536246,0.011419201508726735,2.3326539152032177,7.402523084450161e-07,{'hand_warmer_scotty_dog_design'} => {'hand_warmer_owl_design'}
"{'regency_cakestand_3_tier', 'roses_regency_teacup_and_saucer_'}",{'pink_regency_teacup_and_saucer'},0.01769636758770568,0.02669978267618752,0.011176653213287799,0.6315789473684211,23.65483476132191,0.010704164044538129,2.6418148755932056,6.939865391672026e-07,"{'regency_cakestand_3_tier', 'roses_regency_teacup_and_saucer_'} => {'pink_regency_teacup_and_saucer'}"
{'pink_regency_teacup_and_saucer'},"{'regency_cakestand_3_tier', 'roses_regency_teacup_and_saucer_'}",0.02669978267618752,0.01769636758770568,0.011176653213287799,0.41860465116279066,23.654834761321908,0.010704164044538129,1.689562247749146,6.939865391672026e-07,"{'pink_regency_teacup_and_saucer'} => {'regency_cakestand_3_tier', 'roses_regency_teacup_and_saucer_'}"
"{'green_regency_teacup_and_saucer', 'regency_cakestand_3_tier', 'pink_regency_teacup_and_saucer'}",{'roses_regency_teacup_and_saucer_'},0.01167339335610059,0.03669667805029494,0.010121080409810617,0.8670212765957446,23.62669654750333,0.009692705652067342,7.244040981061776,6.284433660236335e-07,"{'green_regency_teacup_and_saucer', 'regency_cakestand_3_tier', 'pink_regency_teacup_and_saucer'} => {'roses_regency_teacup_and_saucer_'}"
{'roses_regency_teacup_and_saucer_'},"{'green_regency_teacup_and_saucer', 'pink_regency_teacup_and_saucer'}",0.03669667805029494,0.021359826140950014,0.01782055262340888,0.48561759729272425,22.735091291858502,0.017036717960304162,1.9025537590483508,1.1065229818943731e-06,"{'roses_regency_teacup_and_saucer_'} => {'green_regency_teacup_and_saucer', 'pink_regency_teacup_and_saucer'}"
"{'green_regency_teacup_and_saucer', 'pink_regency_teacup_and_saucer'}",{'roses_regency_teacup_and_saucer_'},0.021359826140950014,0.03669667805029494,0.01782055262340888,0.8343023255813955,22.735091291858502,0.017036717960304162,5.813620048257874,1.1065229818943731e-06,"{'green_regency_teacup_and_saucer', 'pink_regency_teacup_and_saucer'} => {'roses_regency_teacup_and_saucer_'}"
"{'regency_cakestand_3_tier', 'pink_regency_teacup_and_saucer'}",{'roses_regency_teacup_and_saucer_'},0.013411983855945359,0.03669667805029494,0.011176653213287799,0.8333333333333334,22.70868584320361,0.010684477959710418,5.779819931698231,6.939865391672026e-07,"{'regency_cakestand_3_tier', 'pink_regency_teacup_and_saucer'} => {'roses_regency_teacup_and_saucer_'}"
"{'regency_cakestand_3_tier', 'roses_regency_teacup_and_saucer_'}",{'green_regency_teacup_and_saucer'},0.01769636758770568,0.0334057746041602,0.01328779882024216,0.7508771929824561,22.477466901454378,0.012696637953294898,3.879990904757949,8.250728854543409e-07,"{'regency_cakestand_3_tier', 'roses_regency_teacup_and_saucer_'} => {'green_regency_teacup_and_saucer'}"
{'charlotte_bag_pink_polkadot'},{'red_retrospot_charlotte_bag'},0.019000310462589258,0.028748835765290283,0.012108040981061783,0.6372549019607844,22.166285520687758,0.011561804176083277,2.677503209511903,7.518187507644696e-07,{'charlotte_bag_pink_polkadot'} => {'red_retrospot_charlotte_bag'}
{'red_retrospot_charlotte_bag'},{'charlotte_bag_pink_polkadot'},0.028748835765290283,0.019000310462589258,0.012108040981061783,0.4211663066954644,22.166285520687758,0.011561804176083277,1.6947867770739597,7.518187507644696e-07,{'red_retrospot_charlotte_bag'} => {'charlotte_bag_pink_polkadot'}
"{'green_regency_teacup_and_saucer', 'regency_cakestand_3_tier'}",{'roses_regency_teacup_and_saucer_'},0.016392424712822106,0.03669667805029494,0.01328779882024216,0.8106060606060606,22.089358047479873,0.012686251288092028,5.086241539894441,8.250728854543409e-07,"{'green_regency_teacup_and_saucer', 'regency_cakestand_3_tier'} => {'roses_regency_teacup_and_saucer_'}"
{'hand_warmer_bird_design'},{'hand_warmer_owl_design'},0.019807513194660044,0.02452654455138156,0.010493635516920211,0.5297805642633229,21.600293639141302,0.010007825662099304,2.0745068819207284,6.515762506625402e-07,{'hand_warmer_bird_design'} => {'hand_warmer_owl_design'}
{'hand_warmer_owl_design'},{'hand_warmer_bird_design'},0.02452654455138156,0.019807513194660044,0.010493635516920211,0.4278481012658228,21.600293639141302,0.010007825662099304,1.7131682844606608,6.515762506625402e-07,{'hand_warmer_owl_design'} => {'hand_warmer_bird_design'}
{'large_white_heart_of_wicker'},{'small_white_heart_of_wicker'},0.022291213908724,0.024588637069233157,0.011797578391803787,0.5292479108635098,21.524084859739457,0.01124946782316953,2.072027688119203,7.325413468987138e-07,{'large_white_heart_of_wicker'} => {'small_white_heart_of_wicker'}
{'small_white_heart_of_wicker'},{'large_white_heart_of_wicker'},0.024588637069233157,0.022291213908724,0.011797578391803787,0.4797979797979798,21.524084859739453,0.01124946782316953,1.8794790256900256,7.325413468987138e-07,{'small_white_heart_of_wicker'} => {'large_white_heart_of_wicker'}
{'red_kitchen_scales'},{'ivory_kitchen_scales'},0.018565662837628064,0.025892579944116735,0.010183172927662217,0.548494983277592,21.18348130859861,0.009702460018423415,2.1574675451608085,6.322988467967846e-07,{'red_kitchen_scales'} => {'ivory_kitchen_scales'}
{'gardeners_kneeling_pad_cup_of_tea_'},{'gardeners_kneeling_pad_keep_calm_'},0.02732070785470351,0.033716237193418194,0.019248680533995654,0.7045454545454546,20.896325129750544,0.018327529067674386,3.2704988894992004,1.195199039676849e-06,{'gardeners_kneeling_pad_cup_of_tea_'} => {'gardeners_kneeling_pad_keep_calm_'}
{'gardeners_kneeling_pad_keep_calm_'},{'gardeners_kneeling_pad_cup_of_tea_'},0.033716237193418194,0.02732070785470351,0.019248680533995654,0.570902394106814,20.896325129750544,0.018327529067674386,2.266801955514575,1.195199039676849e-06,{'gardeners_kneeling_pad_keep_calm_'} => {'gardeners_kneeling_pad_cup_of_tea_'}
{'strawberry_charlotte_bag'},{'red_retrospot_charlotte_bag'},0.01993169823036324,0.028748835765290283,0.011859670909655387,0.5950155763239876,20.69703208790026,0.011286657790707347,2.398243259379553,7.36396827671865e-07,{'strawberry_charlotte_bag'} => {'red_retrospot_charlotte_bag'}
{'red_retrospot_charlotte_bag'},{'strawberry_charlotte_bag'},0.028748835765290283,0.01993169823036324,0.011859670909655387,0.41252699784017277,20.697032087900258,0.011286657790707347,1.6682780283799332,7.36396827671865e-07,{'red_retrospot_charlotte_bag'} => {'strawberry_charlotte_bag'}
{'green_regency_teacup_and_saucer'},{'roses_regency_teacup_and_saucer_'},0.0334057746041602,0.03669667805029494,0.02502328469419435,0.7490706319702602,20.412491586939158,0.023797403738524764,3.8389421274736395,1.5537587515799038e-06,{'green_regency_teacup_and_saucer'} => {'roses_regency_teacup_and_saucer_'}
{'roses_regency_teacup_and_saucer_'},{'green_regency_teacup_and_saucer'},0.03669667805029494,0.0334057746041602,0.02502328469419435,0.6818950930626058,20.412491586939154,0.023797403738524764,3.0386020596220287,1.5537587515799038e-06,{'roses_regency_teacup_and_saucer_'} => {'green_regency_teacup_and_saucer'}
{'roses_regency_teacup_and_saucer_'},{'pink_regency_teacup_and_saucer'},0.03669667805029494,0.02669978267618752,0.019807513194660044,0.5397631133671743,20.21601149018219,0.01882771986577915,2.114780986905784,1.2298983666352091e-06,{'roses_regency_teacup_and_saucer_'} => {'pink_regency_teacup_and_saucer'}
{'pink_regency_teacup_and_saucer'},{'roses_regency_teacup_and_saucer_'},0.02669978267618752,0.03669667805029494,0.019807513194660044,0.741860465116279,20.21601149018219,0.01882771986577915,3.7317155715168746,1.2298983666352091e-06,{'pink_regency_teacup_and_saucer'} => {'roses_regency_teacup_and_saucer_'}
{'baking_set_spaceboy_design'},{'baking_set_9_piece_retrospot_'},0.018068922694815276,0.035268550139708164,0.012666873641726173,0.7010309278350515,19.876942064759692,0.012029608935693568,3.226860366774079,7.865180777228297e-07,{'baking_set_spaceboy_design'} => {'baking_set_9_piece_retrospot_'}
{'3_drawer_antique_white_wood_cabinet'},{'wood_2_drawer_cabinet_white_finish'},0.02887302080099348,0.024588637069233157,0.013536168891648557,0.4688172043010753,19.06641685673944,0.012826220662080508,1.836300743978974,8.404948085469454e-07,{'3_drawer_antique_white_wood_cabinet'} => {'wood_2_drawer_cabinet_white_finish'}
{'wood_2_drawer_cabinet_white_finish'},{'3_drawer_antique_white_wood_cabinet'},0.024588637069233157,0.02887302080099348,0.013536168891648557,0.5505050505050505,19.066416856739437,0.012826220662080508,2.160484740240486,8.404948085469454e-07,{'wood_2_drawer_cabinet_white_finish'} => {'3_drawer_antique_white_wood_cabinet'}
{'jumbo_bag_pears'},{'jumbo_bag_apples'},0.020366345855324434,0.03433716237193418,0.012666873641726173,0.6219512195121951,18.113063996824415,0.011967551117168929,2.5543339575968194,7.865180777228297e-07,{'jumbo_bag_pears'} => {'jumbo_bag_apples'}
{'alarm_clock_bakelike_ivory'},{'alarm_clock_bakelike_red_'},0.020800993480285624,0.03831108351443651,0.013722446445203353,0.6597014925373135,17.2195989259537,0.01292553784679688,2.826015675637402,8.520612508663988e-07,{'alarm_clock_bakelike_ivory'} => {'alarm_clock_bakelike_red_'}
{'charlotte_bag_suki_design'},{'red_retrospot_charlotte_bag'},0.024837007140639553,0.028748835765290283,0.01223222601676498,0.49250000000000005,17.131128509719225,0.011518190977577392,1.9137953975068174,7.595297123107718e-07,{'charlotte_bag_suki_design'} => {'red_retrospot_charlotte_bag'}
{'red_retrospot_charlotte_bag'},{'charlotte_bag_suki_design'},0.028748835765290283,0.024837007140639553,0.01223222601676498,0.42548596112311016,17.131128509719222,0.011518190977577392,1.6973701717815184,7.595297123107718e-07,{'red_retrospot_charlotte_bag'} => {'charlotte_bag_suki_design'}
{'alarm_clock_bakelike_orange'},{'alarm_clock_bakelike_red_'},0.015709407016454516,0.03831108351443651,0.010307357963365415,0.6561264822134388,17.12628362406391,0.009705513559195751,2.7966355847223867,6.400098083430869e-07,{'alarm_clock_bakelike_orange'} => {'alarm_clock_bakelike_red_'}
{'alarm_clock_bakelike_green'},{'alarm_clock_bakelike_red_'},0.034833902514746974,0.03831108351443651,0.02266376901583359,0.6506238859180036,16.982654266952103,0.02132924446745738,2.7525891946347,1.4072504822001609e-06,{'alarm_clock_bakelike_green'} => {'alarm_clock_bakelike_red_'}
{'alarm_clock_bakelike_red_'},{'alarm_clock_bakelike_green'},0.03831108351443651,0.034833902514746974,0.02266376901583359,0.5915721231766613,16.982654266952103,0.02132924446745738,2.363124929160322,1.4072504822001609e-06,{'alarm_clock_bakelike_red_'} => {'alarm_clock_bakelike_green'}
{'chocolate_hot_water_bottle'},{'hot_water_bottle_i_am_so_poorly'},0.034212977336230986,0.02390561937286557,0.01384663148090655,0.4047186932849364,16.92985598793221,0.013028749067094137,1.6397195235535094,8.59772212412701e-07,{'chocolate_hot_water_bottle'} => {'hot_water_bottle_i_am_so_poorly'}
{'hot_water_bottle_i_am_so_poorly'},{'chocolate_hot_water_bottle'},0.02390561937286557,0.034212977336230986,0.01384663148090655,0.5792207792207792,16.92985598793221,0.013028749067094137,2.2952345908984633,8.59772212412701e-07,{'hot_water_bottle_i_am_so_poorly'} => {'chocolate_hot_water_bottle'}
{'alarm_clock_bakelike_pink'},{'alarm_clock_bakelike_red_'},0.022974231605091586,0.03831108351443651,0.014591741695125737,0.6351351351351351,16.578365237198298,0.013711573989423066,2.6357399933308034,9.060379816905145e-07,{'alarm_clock_bakelike_pink'} => {'alarm_clock_bakelike_red_'}
{'alarm_clock_bakelike_ivory'},{'alarm_clock_bakelike_green'},0.020800993480285624,0.034833902514746974,0.011859670909655387,0.5701492537313433,16.36765371005933,0.01113509113055323,2.245351685121943,7.36396827671865e-07,{'alarm_clock_bakelike_ivory'} => {'alarm_clock_bakelike_green'}
{'vintage_heads_and_tails_card_game_'},{'vintage_snap_cards'},0.019310773051847252,0.03222601676497982,0.010121080409810617,0.5241157556270096,16.26374613559343,0.009498771113697067,2.0336331674735897,6.284433660236335e-07,{'vintage_heads_and_tails_card_game_'} => {'vintage_snap_cards'}
{'alarm_clock_bakelike_pink'},{'alarm_clock_bakelike_green'},0.022974231605091586,0.034833902514746974,0.012853151195280969,0.5594594594594595,16.060774678421737,0.01205286905119799,2.1908678286475074,7.98084520042283e-07,{'alarm_clock_bakelike_pink'} => {'alarm_clock_bakelike_green'}
"{'lunch_bag_red_retrospot', 'lunch_bag_cars_blue'}",{'lunch_bag_pink_polkadot'},0.01881403290903446,0.03942874883576529,0.011425023284694195,0.6072607260726073,15.401470855746993,0.010683209506536052,2.44582427817448,7.094084622598072e-07,"{'lunch_bag_red_retrospot', 'lunch_bag_cars_blue'} => {'lunch_bag_pink_polkadot'}"
"{'lunch_bag__black_skull.', 'lunch_bag_cars_blue'}",{'lunch_bag_pink_polkadot'},0.017385904998447686,0.03942874883576529,0.01055572803477181,0.6071428571428572,15.398481439820024,0.009870223553305541,2.4450904575089614,6.554317314356914e-07,"{'lunch_bag__black_skull.', 'lunch_bag_cars_blue'} => {'lunch_bag_pink_polkadot'}"
{'hot_water_bottle_tea_and_sympathy'},{'chocolate_hot_water_bottle'},0.024650729587084756,0.034212977336230986,0.012915243713132567,0.5239294710327456,15.313764303053297,0.012071868860448077,2.0286637460186046,8.019400008154341e-07,{'hot_water_bottle_tea_and_sympathy'} => {'chocolate_hot_water_bottle'}
{'hand_over_the_chocolate___sign_'},{'cook_with_wine_metal_sign_'},0.02657559764048432,0.02713443030114871,0.010742005588326607,0.40420560747663553,14.89641031673047,0.010020891886439513,1.6328880934553271,6.669981737551448e-07,{'hand_over_the_chocolate___sign_'} => {'cook_with_wine_metal_sign_'}
{'lunch_bag_dolly_girl_design'},{'lunch_bag_spaceboy_design_'},0.021856566283762806,0.039552933871468486,0.01272896615957777,0.5823863636363636,14.724226666190953,0.011864474838698732,2.2998460358996127,7.903735584959808e-07,{'lunch_bag_dolly_girl_design'} => {'lunch_bag_spaceboy_design_'}
"{'lunch_bag__black_skull.', 'lunch_bag_red_retrospot'}",{'lunch_bag_pink_polkadot'},0.020800993480285624,0.03942874883576529,0.012045948463210183,0.5791044776119403,14.687366318016219,0.011225791315741609,2.282208291773182,7.479632699913184e-07,"{'lunch_bag__black_skull.', 'lunch_bag_red_retrospot'} => {'lunch_bag_pink_polkadot'}"
{'love_building_block_word'},{'home_building_block_word'},0.025706302390561937,0.0334057746041602,0.012542688606022975,0.48792270531400966,14.60593897598908,0.011683949662457479,1.8875943835560267,7.788071161765274e-07,{'love_building_block_word'} => {'home_building_block_word'}
"{'jumbo_bag_pink_polkadot', 'jumbo_shopper_vintage_red_paisley'}",{'jumbo_storage_bag_suki'},0.01726171996274449,0.043154299906861225,0.010866190624029805,0.6294964028776978,14.587107292583198,0.010121273183849276,2.582554413843617,6.74709135301447e-07,"{'jumbo_bag_pink_polkadot', 'jumbo_shopper_vintage_red_paisley'} => {'jumbo_storage_bag_suki'}"
{'jumbo_bag_pears'},{'jumbo_bag_vintage_leaf'},0.020366345855324434,0.03495808755045017,0.010245265445513815,0.5030487804878049,14.390054369016159,0.009533296944020636,1.9419248299598304,6.361543275699357e-07,{'jumbo_bag_pears'} => {'jumbo_bag_vintage_leaf'}
{'jumbo_bag_scandinavian_blue_paisley'},{'jumbo_bag_pink_vintage_paisley'},0.02992859360447066,0.02949394597950947,0.012666873641726173,0.4232365145228216,14.349945402926403,0.011784161318713222,1.6826759641650233,7.865180777228297e-07,{'jumbo_bag_scandinavian_blue_paisley'} => {'jumbo_bag_pink_vintage_paisley'}
{'jumbo_bag_pink_vintage_paisley'},{'jumbo_bag_scandinavian_blue_paisley'},0.02949394597950947,0.02992859360447066,0.012666873641726173,0.4294736842105263,14.349945402926402,0.011784161318713222,1.7003096606563703,7.865180777228297e-07,{'jumbo_bag_pink_vintage_paisley'} => {'jumbo_bag_scandinavian_blue_paisley'}
{'cook_with_wine_metal_sign_'},{'gin_+_tonic_diet_metal_sign'},0.02713443030114871,0.03123253647935424,0.012108040981061783,0.4462242562929062,14.287160333195336,0.01126056389683466,1.7493858742087696,7.518187507644696e-07,{'cook_with_wine_metal_sign_'} => {'gin_+_tonic_diet_metal_sign'}
"{'jumbo_bag_red_retrospot', 'jumbo_shopper_vintage_red_paisley'}",{'jumbo_bag_scandinavian_blue_paisley'},0.024837007140639553,0.02992859360447066,0.010183172927662217,0.41,13.699273858921162,0.009439836234598679,1.644188824399202,6.322988467967846e-07,"{'jumbo_bag_red_retrospot', 'jumbo_shopper_vintage_red_paisley'} => {'jumbo_bag_scandinavian_blue_paisley'}"
{'lunch_bag_vintage_leaf_design'},{'lunch_bag_apple_design'},0.025768394908413535,0.035951567836075754,0.012666873641726173,0.491566265060241,13.673013296710156,0.011740459444149554,1.8961142149195669,7.865180777228297e-07,{'lunch_bag_vintage_leaf_design'} => {'lunch_bag_apple_design'}
"{'jumbo_bag_red_retrospot', 'jumbo_bag_doiley_patterns'}",{'jumbo_bag_vintage_leaf'},0.021235641105246818,0.03495808755045017,0.010121080409810617,0.47660818713450287,13.633703115099767,0.00937872300886346,1.8438230952946706,6.284433660236335e-07,"{'jumbo_bag_red_retrospot', 'jumbo_bag_doiley_patterns'} => {'jumbo_bag_vintage_leaf'}"
"{'lunch_bag__black_skull.', 'lunch_bag_pink_polkadot'}",{'lunch_bag_cars_blue'},0.018689847873331264,0.04160198696057125,0.01055572803477181,0.5647840531561462,13.575891307581696,0.009778193227250423,2.2021206253806724,6.554317314356914e-07,"{'lunch_bag__black_skull.', 'lunch_bag_pink_polkadot'} => {'lunch_bag_cars_blue'}"
"{'lunch_bag_red_retrospot', 'lunch_bag_pink_polkadot'}",{'lunch_bag_cars_blue'},0.02061471592673083,0.04160198696057125,0.011425023284694195,0.5542168674698795,13.321884553137926,0.01056741014151446,2.1499198670884483,7.094084622598072e-07,"{'lunch_bag_red_retrospot', 'lunch_bag_pink_polkadot'} => {'lunch_bag_cars_blue'}"
{'paper_chain_kit_vintage_christmas'},"{""paper_chain_kit_50's_christmas_""}",0.032598571872089414,0.046258925799441165,0.01999379074821484,0.6133333333333334,13.258702460850113,0.018485815830816106,2.4665717436221355,1.2414648089546626e-06,"{'paper_chain_kit_vintage_christmas'} => {""paper_chain_kit_50's_christmas_""}"
"{""paper_chain_kit_50's_christmas_""}",{'paper_chain_kit_vintage_christmas'},0.046258925799441165,0.032598571872089414,0.01999379074821484,0.4322147651006712,13.258702460850113,0.018485815830816106,1.7038157540314265,1.2414648089546626e-06,"{""paper_chain_kit_50's_christmas_""} => {'paper_chain_kit_vintage_christmas'}"
{'hand_over_the_chocolate___sign_'},{'gin_+_tonic_diet_metal_sign'},0.02657559764048432,0.03123253647935424,0.010990375659733003,0.4135514018691589,13.241044387878338,0.010160352336965935,1.6519222087124956,6.824200968477493e-07,{'hand_over_the_chocolate___sign_'} => {'gin_+_tonic_diet_metal_sign'}
"{'lunch_bag_suki__design_', 'lunch_bag_red_retrospot'}",{'lunch_bag_pink_polkadot'},0.020676808444582428,0.03942874883576529,0.010679913070475007,0.5165165165165165,13.099997635430707,0.009864652383588336,1.9867715940229203,6.631426929819936e-07,"{'lunch_bag_suki__design_', 'lunch_bag_red_retrospot'} => {'lunch_bag_pink_polkadot'}"
{'hot_water_bottle_tea_and_sympathy'},{'hot_water_bottle_keep_calm'},0.024650729587084756,0.03365414467556659,0.010804098106178205,0.43828715365239296,13.023274187401825,0.009974498886296184,1.7203556258466368,6.708536545282958e-07,{'hot_water_bottle_tea_and_sympathy'} => {'hot_water_bottle_keep_calm'}
"{'jumbo_bag_vintage_leaf', 'jumbo_bag_red_retrospot'}",{'jumbo_bag_doiley_patterns'},0.015461036945048122,0.050294939459795095,0.010121080409810617,0.6546184738955823,13.015593237146113,0.009343468492673767,2.7497274427268716,6.284433660236335e-07,"{'jumbo_bag_vintage_leaf', 'jumbo_bag_red_retrospot'} => {'jumbo_bag_doiley_patterns'}"
"{'jumbo_bag_pink_polkadot', 'jumbo_storage_bag_suki'}",{'jumbo_shopper_vintage_red_paisley'},0.018503570319776466,0.04557590810307358,0.010866190624029805,0.5872483221476511,12.885060256386813,0.010022873603556913,2.3123445478478386,6.74709135301447e-07,"{'jumbo_bag_pink_polkadot', 'jumbo_storage_bag_suki'} => {'jumbo_shopper_vintage_red_paisley'}"
"{'jumbo_bag_red_retrospot', 'jumbo_shopper_vintage_red_paisley'}",{'jumbo_storage_bag_suki'},0.024837007140639553,0.043154299906861225,0.013660353927351754,0.55,12.744964028776979,0.012588530272415742,2.126323777984753,8.482057700932477e-07,"{'jumbo_bag_red_retrospot', 'jumbo_shopper_vintage_red_paisley'} => {'jumbo_storage_bag_suki'}"
"{'lunch_bag_red_retrospot', 'lunch_bag_pink_polkadot'}",{'lunch_bag__black_skull.'},0.02061471592673083,0.04607264824588637,0.012045948463210183,0.5843373493975903,12.682955541843926,0.011096173907629042,2.2949556578432295,7.479632699913184e-07,"{'lunch_bag_red_retrospot', 'lunch_bag_pink_polkadot'} => {'lunch_bag__black_skull.'}"
"{'lunch_bag_pink_polkadot', 'lunch_bag_cars_blue'}",{'lunch_bag__black_skull.'},0.018317292766221672,0.04607264824588637,0.01055572803477181,0.576271186440678,12.507880670656496,0.009711801848336761,2.251268550139708,6.554317314356914e-07,"{'lunch_bag_pink_polkadot', 'lunch_bag_cars_blue'} => {'lunch_bag__black_skull.'}"
"{'lunch_bag_suki__design_', 'lunch_bag_red_retrospot'}",{'lunch_bag_cars_blue'},0.020676808444582428,0.04160198696057125,0.010679913070475007,0.5165165165165165,12.41566940074403,0.00981971675517726,1.9822766356654022,6.631426929819936e-07,"{'lunch_bag_suki__design_', 'lunch_bag_red_retrospot'} => {'lunch_bag_cars_blue'}"
"{'lunch_bag_red_retrospot', 'lunch_bag_cars_blue'}",{'lunch_bag_suki__design_'},0.01881403290903446,0.04594846321018317,0.010679913070475007,0.5676567656765676,12.354205690839354,0.009815437171519061,2.20669935608637,6.631426929819936e-07,"{'lunch_bag_red_retrospot', 'lunch_bag_cars_blue'} => {'lunch_bag_suki__design_'}"
{'wooden_frame_antique_white_'},{'wooden_picture_frame_white_finish'},0.04004967401428128,0.0445203352995964,0.021980751319466005,0.5488372093023256,12.32778696766242,0.02019772640371067,2.1178157516555336,1.3648401936954986e-06,{'wooden_frame_antique_white_'} => {'wooden_picture_frame_white_finish'}
{'wooden_picture_frame_white_finish'},{'wooden_frame_antique_white_'},0.0445203352995964,0.04004967401428128,0.021980751319466005,0.49372384937238495,12.32778696766242,0.02019772640371067,1.8961002306660066,1.3648401936954986e-06,{'wooden_picture_frame_white_finish'} => {'wooden_frame_antique_white_'}
{'jumbo_bag_woodland_animals'},{'jumbo_storage_bag_suki'},0.023657249301459175,0.043154299906861225,0.012542688606022975,0.5301837270341208,12.285768235805056,0.011521776574696422,2.0366380543881895,7.788071161765274e-07,{'jumbo_bag_woodland_animals'} => {'jumbo_storage_bag_suki'}
"{'lunch_bag_suki__design_', 'lunch_bag_pink_polkadot'}",{'lunch_bag_red_retrospot'},0.015895684570009314,0.05470350822725861,0.010679913070475007,0.6718749999999999,12.282119040862655,0.009810363358821595,2.8809035939740677,6.631426929819936e-07,"{'lunch_bag_suki__design_', 'lunch_bag_pink_polkadot'} => {'lunch_bag_red_retrospot'}"
"{'jumbo_bag_red_retrospot', 'jumbo_bag_scandinavian_blue_paisley'}",{'jumbo_shopper_vintage_red_paisley'},0.018193107730518472,0.04557590810307358,0.010183172927662217,0.5597269624573379,12.281202629939273,0.009354005521626789,2.167800456789143,6.322988467967846e-07,"{'jumbo_bag_red_retrospot', 'jumbo_bag_scandinavian_blue_paisley'} => {'jumbo_shopper_vintage_red_paisley'}"
"{'lunch_bag__black_skull.', 'lunch_bag_red_retrospot'}",{'lunch_bag_cars_blue'},0.020800993480285624,0.04160198696057125,0.01055572803477181,0.5074626865671642,12.198039652483851,0.009690365375238041,1.9458383901103553,6.554317314356914e-07,"{'lunch_bag__black_skull.', 'lunch_bag_red_retrospot'} => {'lunch_bag_cars_blue'}"
"{'jumbo_shopper_vintage_red_paisley', 'jumbo_storage_bag_suki'}",{'jumbo_bag_pink_polkadot'},0.018068922694815276,0.04936355169202111,0.010866190624029805,0.6013745704467354,12.182562839049902,0.009974244424565158,2.3847862625657057,6.74709135301447e-07,"{'jumbo_shopper_vintage_red_paisley', 'jumbo_storage_bag_suki'} => {'jumbo_bag_pink_polkadot'}"
"{'lunch_bag_red_retrospot', 'lunch_bag_cars_blue'}",{'lunch_bag__black_skull.'},0.01881403290903446,0.04607264824588637,0.01055572803477181,0.5610561056105612,12.177639596843784,0.009688915714467335,2.17323298933456,6.554317314356914e-07,"{'lunch_bag_red_retrospot', 'lunch_bag_cars_blue'} => {'lunch_bag__black_skull.'}"
{'lunch_bag_vintage_leaf_design'},{'lunch_bag_doiley_pattern_'},0.025768394908413535,0.043154299906861225,0.01334989133809376,0.5180722891566265,12.005113981104273,0.012237874296097647,1.9854548276932629,8.289283662274921e-07,{'lunch_bag_vintage_leaf_design'} => {'lunch_bag_doiley_pattern_'}
{'lunch_bag_alphabet_design'},{'lunch_bag_apple_design'},0.027569077926109905,0.035951567836075754,0.011859670909655387,0.43018018018018017,11.965547153370986,0.010868519334416788,1.691847841426017,7.36396827671865e-07,{'lunch_bag_alphabet_design'} => {'lunch_bag_apple_design'}
"{'jumbo_bag_red_retrospot', 'jumbo_storage_bag_suki'}",{'jumbo_shopper_vintage_red_paisley'},0.02508537721204595,0.04557590810307358,0.013660353927351754,0.5445544554455446,11.948296328270429,0.012517065080804612,2.095583332208469,8.482057700932477e-07,"{'jumbo_bag_red_retrospot', 'jumbo_storage_bag_suki'} => {'jumbo_shopper_vintage_red_paisley'}"
"{'jumbo_bag_red_retrospot', 'jumbo_bag_scandinavian_blue_paisley'}",{'jumbo_bag_pink_polkadot'},0.018193107730518472,0.04936355169202111,0.010679913070475007,0.5870307167235495,11.891987035009766,0.009781836656581049,2.3019543748284117,6.631426929819936e-07,"{'jumbo_bag_red_retrospot', 'jumbo_bag_scandinavian_blue_paisley'} => {'jumbo_bag_pink_polkadot'}"
{'60_teatime_fairy_cake_cases'},{'pack_of_72_retrospot_cake_cases'},0.024588637069233157,0.037752250853772124,0.010990375659733003,0.446969696969697,11.839550937001595,0.010062099264942953,1.7399548340726314,6.824200968477493e-07,{'60_teatime_fairy_cake_cases'} => {'pack_of_72_retrospot_cake_cases'}
"{'lunch_bag__black_skull.', 'lunch_bag_pink_polkadot'}",{'lunch_bag_red_retrospot'},0.018689847873331264,0.05470350822725861,0.012045948463210183,0.6445182724252492,11.782028124186876,0.011023548216305194,2.6591985422765902,7.479632699913184e-07,"{'lunch_bag__black_skull.', 'lunch_bag_pink_polkadot'} => {'lunch_bag_red_retrospot'}"
{'cook_with_wine_metal_sign_'},{'please_one_person_metal_sign'},0.02713443030114871,0.03508227258615337,0.011176653213287799,0.41189931350114417,11.740952998116686,0.01022471573299292,1.6407355909721828,6.939865391672026e-07,{'cook_with_wine_metal_sign_'} => {'please_one_person_metal_sign'}
"{'jumbo_bag_red_retrospot', 'jumbo_storage_bag_suki'}",{'jumbo_bag_pink_polkadot'},0.02508537721204595,0.04936355169202111,0.014281279105867743,0.5693069306930693,11.53294102995205,0.013042975791147065,2.207224856990939,8.867605778247589e-07,"{'jumbo_bag_red_retrospot', 'jumbo_storage_bag_suki'} => {'jumbo_bag_pink_polkadot'}"
"{'lunch_bag_pink_polkadot', 'lunch_bag_cars_blue'}",{'lunch_bag_red_retrospot'},0.018317292766221672,0.05470350822725861,0.011425023284694195,0.623728813559322,11.401989264895438,0.010423003109156084,2.5122744601167444,7.094084622598072e-07,"{'lunch_bag_pink_polkadot', 'lunch_bag_cars_blue'} => {'lunch_bag_red_retrospot'}"
"{'lunch_bag_red_retrospot', 'lunch_bag_pink_polkadot'}",{'lunch_bag_suki__design_'},0.02061471592673083,0.04594846321018317,0.010679913070475007,0.5180722891566264,11.27507326603712,0.009732698554127239,1.9796569388388694,6.631426929819936e-07,"{'lunch_bag_red_retrospot', 'lunch_bag_pink_polkadot'} => {'lunch_bag_suki__design_'}"
{'pack_of_60_pink_paisley_cake_cases'},{'pack_of_72_retrospot_cake_cases'},0.02732070785470351,0.037752250853772124,0.01161130083824899,0.425,11.257606907894736,0.010579882621815601,1.673474346341266,7.209749045792605e-07,{'pack_of_60_pink_paisley_cake_cases'} => {'pack_of_72_retrospot_cake_cases'}
{'lunch_bag_cars_blue'},{'lunch_bag_pink_polkadot'},0.04160198696057125,0.03942874883576529,0.018317292766221672,0.4402985074626866,11.16694088612058,0.016676978471284524,1.7162206354134328,1.1373668280795822e-06,{'lunch_bag_cars_blue'} => {'lunch_bag_pink_polkadot'}
{'lunch_bag_pink_polkadot'},{'lunch_bag_cars_blue'},0.03942874883576529,0.04160198696057125,0.018317292766221672,0.46456692913385833,11.16694088612058,0.016676978471284524,1.7899492302354039,1.1373668280795822e-06,{'lunch_bag_pink_polkadot'} => {'lunch_bag_cars_blue'}
{'lunch_bag_woodland'},{'lunch_bag_spaceboy_design_'},0.03117044396150264,0.039552933871468486,0.013722446445203353,0.44023904382470114,11.130376453370191,0.012489563936449724,1.71581646689154,8.520612508663988e-07,{'lunch_bag_woodland'} => {'lunch_bag_spaceboy_design_'}
"{'lunch_bag__black_skull.', 'lunch_bag_cars_blue'}",{'lunch_bag_red_retrospot'},0.017385904998447686,0.05470350822725861,0.01055572803477181,0.6071428571428572,11.098791957191505,0.009604658037650891,2.4062092517851603,6.554317314356914e-07,"{'lunch_bag__black_skull.', 'lunch_bag_cars_blue'} => {'lunch_bag_red_retrospot'}"
"{'jumbo_bag_strawberry', 'jumbo_bag_red_retrospot'}",{'jumbo_bag_pink_polkadot'},0.019310773051847252,0.04936355169202111,0.01055572803477181,0.5466237942122187,11.073429189670167,0.00960247969101406,2.0967938682537692,6.554317314356914e-07,"{'jumbo_bag_strawberry', 'jumbo_bag_red_retrospot'} => {'jumbo_bag_pink_polkadot'}"
{'jumbo_bag_woodland_animals'},{'jumbo_bag_pink_polkadot'},0.023657249301459175,0.04936355169202111,0.012915243713132567,0.5459317585301837,11.059410026576867,0.011747437864348956,2.0935981896262423,8.019400008154341e-07,{'jumbo_bag_woodland_animals'} => {'jumbo_bag_pink_polkadot'}
"{'jumbo_bag_red_retrospot', 'jumbo_shopper_vintage_red_paisley'}",{'jumbo_bag_pink_polkadot'},0.024837007140639553,0.04936355169202111,0.013536168891648557,0.545,11.04053459119497,0.012310126005786499,2.0893108754021514,8.404948085469454e-07,"{'jumbo_bag_red_retrospot', 'jumbo_shopper_vintage_red_paisley'} => {'jumbo_bag_pink_polkadot'}"
{'jumbo_bag_pears'},{'jumbo_bag_doiley_patterns'},0.020366345855324434,0.050294939459795095,0.011238745731139397,0.5518292682926829,10.971864649202047,0.010214421599328605,2.1190697949468515,6.978420199403537e-07,{'jumbo_bag_pears'} => {'jumbo_bag_doiley_patterns'}
{'jumbo_bag_spaceboy_design'},{'jumbo_storage_bag_suki'},0.022912139087239988,0.043154299906861225,0.010804098106178205,0.47154471544715443,10.926946247879744,0.009815340784499733,1.8106464786377854,6.708536545282958e-07,{'jumbo_bag_spaceboy_design'} => {'jumbo_storage_bag_suki'}
"{'lunch_bag_suki__design_', 'lunch_bag_red_retrospot'}",{'lunch_bag__black_skull.'},0.020676808444582428,0.04607264824588637,0.010369450481217013,0.5015015015015015,10.88501574350631,0.009416815158902194,1.9136012538199991,6.43865289116238e-07,"{'lunch_bag_suki__design_', 'lunch_bag_red_retrospot'} => {'lunch_bag__black_skull.'}"
{'jumbo_bag_vintage_leaf'},{'jumbo_bag_doiley_patterns'},0.03495808755045017,0.050294939459795095,0.019124495498292454,0.5470692717584369,10.877222989715587,0.017366280601312345,2.096799800329942,1.1874880781305466e-06,{'jumbo_bag_vintage_leaf'} => {'jumbo_bag_doiley_patterns'}
"{'lunch_bag__black_skull.', 'lunch_bag_red_retrospot'}",{'lunch_bag_suki__design_'},0.020800993480285624,0.04594846321018317,0.010369450481217013,0.4985074626865672,10.84927390076644,0.00941367679755285,1.9024241953844563,6.43865289116238e-07,"{'lunch_bag__black_skull.', 'lunch_bag_red_retrospot'} => {'lunch_bag_suki__design_'}"
{'painted_metal_pears_assorted'},{'assorted_colour_bird_ornament'},0.016640794784228502,0.06979199006519714,0.012418503570319777,0.7462686567164178,10.692755085781059,0.011257109386061916,3.6661139215077516,7.710961546302252e-07,{'painted_metal_pears_assorted'} => {'assorted_colour_bird_ornament'}
"{'jumbo_bag_red_retrospot', 'jumbo__bag_baroque_black_white'}",{'jumbo_bag_pink_polkadot'},0.019807513194660044,0.04936355169202111,0.010431542999068613,0.5266457680250783,10.668717099426273,0.009453773797593622,2.0082981921208294,6.477207698893892e-07,"{'jumbo_bag_red_retrospot', 'jumbo__bag_baroque_black_white'} => {'jumbo_bag_pink_polkadot'}"
"{'jumbo_bag_red_retrospot', 'jumbo_bag_pink_polkadot'}",{'jumbo_storage_bag_suki'},0.03104625892579944,0.043154299906861225,0.014281279105867743,0.46,10.659424460431655,0.012941499537197726,1.7719364816539604,8.867605778247589e-07,"{'jumbo_bag_red_retrospot', 'jumbo_bag_pink_polkadot'} => {'jumbo_storage_bag_suki'}"
{'lunch_bag_woodland'},{'lunch_bag_cars_blue'},0.03117044396150264,0.04160198696057125,0.013722446445203353,0.44023904382470114,10.582163881786286,0.012425694041961702,1.7121558809458832,8.520612508663988e-07,{'lunch_bag_woodland'} => {'lunch_bag_cars_blue'}
{'lunch_bag_dolly_girl_design'},{'lunch_bag_suki__design_'},0.021856566283762806,0.04594846321018317,0.01055572803477181,0.4829545454545455,10.510787776412778,0.009551452402981405,1.8451985766484371,6.554317314356914e-07,{'lunch_bag_dolly_girl_design'} => {'lunch_bag_suki__design_'}
"{'lunch_bag_suki__design_', 'lunch_bag_cars_blue'}",{'lunch_bag_red_retrospot'},0.018627755355479666,0.05470350822725861,0.010679913070475007,0.5733333333333333,10.480741581536131,0.009660909502131165,2.215538652592362,6.631426929819936e-07,"{'lunch_bag_suki__design_', 'lunch_bag_cars_blue'} => {'lunch_bag_red_retrospot'}"
{'jumbo_bag_woodland_animals'},{'jumbo_shopper_vintage_red_paisley'},0.023657249301459175,0.04557590810307358,0.011238745731139397,0.4750656167979002,10.423612750041121,0.010160545111004591,1.8181778950636445,6.978420199403537e-07,{'jumbo_bag_woodland_animals'} => {'jumbo_shopper_vintage_red_paisley'}
{'jumbo_storage_bag_skulls'},{'jumbo_storage_bag_suki'},0.02278795405153679,0.043154299906861225,0.010121080409810617,0.44414168937329696,10.29194519044165,0.009137682206406825,1.7213841761479507,6.284433660236335e-07,{'jumbo_storage_bag_skulls'} => {'jumbo_storage_bag_suki'}
{'lunch_bag__black_skull.'},{'lunch_bag_pink_polkadot'},0.04607264824588637,0.03942874883576529,0.018689847873331264,0.4056603773584906,10.28844153914723,0.016873260997445648,1.616199247990617,1.1604997127184889e-06,{'lunch_bag__black_skull.'} => {'lunch_bag_pink_polkadot'}
{'lunch_bag_pink_polkadot'},{'lunch_bag__black_skull.'},0.03942874883576529,0.04607264824588637,0.018689847873331264,0.4740157480314961,10.28844153914723,0.016873260997445648,1.8136043962989887,1.1604997127184889e-06,{'lunch_bag_pink_polkadot'} => {'lunch_bag__black_skull.'}
{'heart_of_wicker_large'},{'heart_of_wicker_small'},0.039118286246507296,0.04818379385284073,0.019310773051847252,0.4936507936507936,10.245162412043856,0.01742590561146913,1.8797624133940762,1.19905452045e-06,{'heart_of_wicker_large'} => {'heart_of_wicker_small'}
{'heart_of_wicker_small'},{'heart_of_wicker_large'},0.04818379385284073,0.039118286246507296,0.019310773051847252,0.4007731958762887,10.245162412043856,0.01742590561146913,1.60353593521013,1.19905452045e-06,{'heart_of_wicker_small'} => {'heart_of_wicker_large'}
{'jumbo_bag_pink_vintage_paisley'},{'jumbo_shopper_vintage_red_paisley'},0.02949394597950947,0.04557590810307358,0.013598261409500155,0.4610526315789473,10.116147999426357,0.012254048037941015,1.7709040767618753,8.443502893200965e-07,{'jumbo_bag_pink_vintage_paisley'} => {'jumbo_shopper_vintage_red_paisley'}
"{'lunch_bag_suki__design_', 'lunch_bag__black_skull.'}",{'lunch_bag_red_retrospot'},0.01881403290903446,0.05470350822725861,0.010369450481217013,0.5511551155115512,10.075315704101625,0.009340256877189732,2.106064977993681,6.43865289116238e-07,"{'lunch_bag_suki__design_', 'lunch_bag__black_skull.'} => {'lunch_bag_red_retrospot'}"
{'jumbo_bag_spaceboy_design'},{'jumbo_bag_pink_polkadot'},0.022912139087239988,0.04936355169202111,0.011300838248990997,0.4932249322493225,9.991682432547597,0.010169813686783248,1.8758548097628034,7.016975007135049e-07,{'jumbo_bag_spaceboy_design'} => {'jumbo_bag_pink_polkadot'}
{'jumbo_bag_scandinavian_blue_paisley'},{'jumbo_shopper_vintage_red_paisley'},0.02992859360447066,0.04557590810307358,0.013536168891648557,0.45228215767634855,9.923711375173832,0.012172146059876966,1.7425470162663579,8.404948085469454e-07,{'jumbo_bag_scandinavian_blue_paisley'} => {'jumbo_shopper_vintage_red_paisley'}
{'lunch_bag_suki__design_'},{'lunch_bag_cars_blue'},0.04594846321018317,0.04160198696057125,0.018627755355479666,0.40540540540540543,9.744856797095604,0.01671620798815134,1.6118512037481303,1.1566442319453378e-06,{'lunch_bag_suki__design_'} => {'lunch_bag_cars_blue'}
{'lunch_bag_cars_blue'},{'lunch_bag_suki__design_'},0.04160198696057125,0.04594846321018317,0.018627755355479666,0.4477611940298508,9.744856797095604,0.01671620798815134,1.7276068368896684,1.1566442319453378e-06,{'lunch_bag_cars_blue'} => {'lunch_bag_suki__design_'}
{'lunch_bag_apple_design'},{'lunch_bag_doiley_pattern_'},0.035951567836075754,0.043154299906861225,0.014902204284383732,0.4145077720207254,9.60524844373206,0.013350739543863854,1.63425858511483,9.253153855562702e-07,{'lunch_bag_apple_design'} => {'lunch_bag_doiley_pattern_'}
"{'jumbo_bag_red_retrospot', 'jumbo_bag_pink_polkadot'}",{'jumbo_shopper_vintage_red_paisley'},0.03104625892579944,0.04557590810307358,0.013536168891648557,0.436,9.566457765667574,0.012121207447902092,1.6922412976895858,8.404948085469454e-07,"{'jumbo_bag_red_retrospot', 'jumbo_bag_pink_polkadot'} => {'jumbo_shopper_vintage_red_paisley'}"
{'lunch_bag_pink_polkadot'},{'lunch_bag_red_retrospot'},0.03942874883576529,0.05470350822725861,0.02061471592673083,0.5228346456692914,9.557607228721837,0.01845782504040303,1.9810669052002996,1.2800196166861738e-06,{'lunch_bag_pink_polkadot'} => {'lunch_bag_red_retrospot'}
{'jumbo_storage_bag_skulls'},{'jumbo_bag_pink_polkadot'},0.02278795405153679,0.04936355169202111,0.010742005588326607,0.4713896457765667,9.549346220417116,0.00961711124054817,1.7983689511805578,6.669981737551448e-07,{'jumbo_storage_bag_skulls'} => {'jumbo_bag_pink_polkadot'}
"{'jumbo_bag_pink_polkadot', 'jumbo_bag_scandinavian_blue_paisley'}",{'jumbo_bag_red_retrospot'},0.013411983855945359,0.0834523439925489,0.010679913070475007,0.7962962962962963,9.541928461199294,0.009560651580106142,4.49941576585476,6.631426929819936e-07,"{'jumbo_bag_pink_polkadot', 'jumbo_bag_scandinavian_blue_paisley'} => {'jumbo_bag_red_retrospot'}"
"{'jumbo_bag_pink_polkadot', 'jumbo_shopper_vintage_red_paisley'}",{'jumbo_bag_red_retrospot'},0.01726171996274449,0.0834523439925489,0.013536168891648557,0.7841726618705036,9.396652321000342,0.012095637899414554,4.246670806167857,8.404948085469454e-07,"{'jumbo_bag_pink_polkadot', 'jumbo_shopper_vintage_red_paisley'} => {'jumbo_bag_red_retrospot'}"
"{'jumbo_bag_strawberry', 'jumbo_bag_pink_polkadot'}",{'jumbo_bag_red_retrospot'},0.013536168891648557,0.0834523439925489,0.01055572803477181,0.779816513761468,9.344453090869376,0.009426103012084717,4.162653937700509,6.554317314356914e-07,"{'jumbo_bag_strawberry', 'jumbo_bag_pink_polkadot'} => {'jumbo_bag_red_retrospot'}"
{'lunch_bag_woodland'},{'lunch_bag__black_skull.'},0.03117044396150264,0.04607264824588637,0.013411983855945359,0.4302788844621514,9.339139399276212,0.011975878955638935,1.6743759810509269,8.327838470006432e-07,{'lunch_bag_woodland'} => {'lunch_bag__black_skull.'}
{'lunch_bag_woodland'},{'lunch_bag_suki__design_'},0.03117044396150264,0.04594846321018317,0.01328779882024216,0.42629482071713143,9.27767309141811,0.01185556482263198,1.6629648314878056,8.250728854543409e-07,{'lunch_bag_woodland'} => {'lunch_bag_suki__design_'}
"{'jumbo_bag_pink_polkadot', 'jumbo_storage_bag_suki'}",{'jumbo_bag_red_retrospot'},0.018503570319776466,0.0834523439925489,0.014281279105867743,0.7718120805369127,9.248536872802811,0.012737112790451439,4.016635316032653,8.867605778247589e-07,"{'jumbo_bag_pink_polkadot', 'jumbo_storage_bag_suki'} => {'jumbo_bag_red_retrospot'}"
{'jumbo_bag_pink_vintage_paisley'},{'jumbo_bag_pink_polkadot'},0.02949394597950947,0.04936355169202111,0.013411983855945359,0.45473684210526316,9.211996027805363,0.011956057928984165,1.743445223730849,8.327838470006432e-07,{'jumbo_bag_pink_vintage_paisley'} => {'jumbo_bag_pink_polkadot'}
{'lunch_bag_spaceboy_design_'},{'lunch_bag_suki__design_'},0.039552933871468486,0.04594846321018317,0.0167028873020801,0.4222919937205652,9.190557511986086,0.014885490775232123,1.651442469932373,1.0371243279776529e-06,{'lunch_bag_spaceboy_design_'} => {'lunch_bag_suki__design_'}
{'jumbo_storage_bag_suki'},{'jumbo_shopper_vintage_red_paisley'},0.043154299906861225,0.04557590810307358,0.018068922694815276,0.41870503597122305,9.186981749750064,0.016102126288007692,1.6418929303672372,1.1219449049869777e-06,{'jumbo_storage_bag_suki'} => {'jumbo_shopper_vintage_red_paisley'}
{'jumbo_bag_scandinavian_blue_paisley'},{'jumbo_bag_pink_polkadot'},0.02992859360447066,0.04936355169202111,0.013411983855945359,0.44813278008298757,9.07821185312769,0.01193460217848158,1.7225818349039315,8.327838470006432e-07,{'jumbo_bag_scandinavian_blue_paisley'} => {'jumbo_bag_pink_polkadot'}
{'lunch_bag_cars_blue'},{'lunch_bag__black_skull.'},0.04160198696057125,0.04607264824588637,0.017385904998447686,0.417910447761194,9.070684314277669,0.015469191286883337,1.638798270962195,1.0795346164823152e-06,{'lunch_bag_cars_blue'} => {'lunch_bag__black_skull.'}
"{'jumbo_shopper_vintage_red_paisley', 'jumbo_storage_bag_suki'}",{'jumbo_bag_red_retrospot'},0.018068922694815276,0.0834523439925489,0.013660353927351754,0.7560137457044673,9.059227213222059,0.012152459975049256,3.7565544774389896,8.482057700932477e-07,"{'jumbo_shopper_vintage_red_paisley', 'jumbo_storage_bag_suki'} => {'jumbo_bag_red_retrospot'}"
"{'jumbo_shopper_vintage_red_paisley', 'jumbo_bag_scandinavian_blue_paisley'}",{'jumbo_bag_red_retrospot'},0.013536168891648557,0.0834523439925489,0.010183172927662217,0.7522935779816514,9.014648864132809,0.009053547904975121,3.7001368335115625,6.322988467967846e-07,"{'jumbo_shopper_vintage_red_paisley', 'jumbo_bag_scandinavian_blue_paisley'} => {'jumbo_bag_red_retrospot'}"
{'lunch_bag__black_skull.'},{'lunch_bag_suki__design_'},0.04607264824588637,0.04594846321018317,0.01881403290903446,0.408355795148248,8.887256866030452,0.01669706552611264,1.6125426886060228,1.168210674264791e-06,{'lunch_bag__black_skull.'} => {'lunch_bag_suki__design_'}
{'lunch_bag_suki__design_'},{'lunch_bag__black_skull.'},0.04594846321018317,0.04607264824588637,0.01881403290903446,0.40945945945945944,8.887256866030452,0.01669706552611264,1.6153460876385446,1.168210674264791e-06,{'lunch_bag_suki__design_'} => {'lunch_bag__black_skull.'}
{'jumbo__bag_baroque_black_white'},{'jumbo_shopper_vintage_red_paisley'},0.03470971747904378,0.04557590810307358,0.013970816516609749,0.4025044722719141,8.83151842771005,0.012388889622501202,1.597374453204736,8.674831739590033e-07,{'jumbo__bag_baroque_black_white'} => {'jumbo_shopper_vintage_red_paisley'}
{'jumbo_bag_strawberry'},{'jumbo_bag_pink_polkadot'},0.03117044396150264,0.04936355169202111,0.013536168891648557,0.4342629482071713,8.79723871808364,0.011997485069891674,1.6803503417274839,8.404948085469454e-07,{'jumbo_bag_strawberry'} => {'jumbo_bag_pink_polkadot'}
{'lunch_bag_pink_polkadot'},{'lunch_bag_suki__design_'},0.03942874883576529,0.04594846321018317,0.015895684570009314,0.4031496062992126,8.773951904660565,0.0140839941547056,1.598476849238875,9.870030779266882e-07,{'lunch_bag_pink_polkadot'} => {'lunch_bag_suki__design_'}
{'lunch_bag_apple_design'},{'lunch_bag_suki__design_'},0.035951567836075754,0.04594846321018317,0.01446755665942254,0.40241796200345425,8.758028754142744,0.01281563736735821,1.596519768211861,8.983270201442123e-07,{'lunch_bag_apple_design'} => {'lunch_bag_suki__design_'}
"{'jumbo_bag_pink_polkadot', 'jumbo__bag_baroque_black_white'}",{'jumbo_bag_red_retrospot'},0.014343371623719342,0.0834523439925489,0.010431542999068613,0.7272727272727273,8.71482683982684,0.009234555016313022,3.3606747386939877,6.477207698893892e-07,"{'jumbo_bag_pink_polkadot', 'jumbo__bag_baroque_black_white'} => {'jumbo_bag_red_retrospot'}"
{'jumbo_storage_bag_suki'},{'jumbo_bag_pink_polkadot'},0.043154299906861225,0.04936355169202111,0.018503570319776466,0.42877697841726614,8.686104701144744,0.01637332080559114,1.6642124221008696,1.1489332703990354e-06,{'jumbo_storage_bag_suki'} => {'jumbo_bag_pink_polkadot'}
{'lunch_bag_woodland'},{'lunch_bag_red_retrospot'},0.03117044396150264,0.05470350822725861,0.014778019248680534,0.4741035856573705,8.666785751432409,0.013072886610985171,1.7974956017799855,9.17604424009968e-07,{'lunch_bag_woodland'} => {'lunch_bag_red_retrospot'}
{'lunch_bag_dolly_girl_design'},{'lunch_bag_red_retrospot'},0.021856566283762806,0.05470350822725861,0.010245265445513815,0.46875,8.56892026106697,0.009049634591990372,1.779381631572219,6.361543275699357e-07,{'lunch_bag_dolly_girl_design'} => {'lunch_bag_red_retrospot'}
{'set_of_6_spice_tins_pantry_design'},{'set_of_3_cake_tins_pantry_design_'},0.029680223533064265,0.05066749456690469,0.01272896615957777,0.42887029288702927,8.464406944786282,0.011225143594971721,1.6622012366191192,7.903735584959808e-07,{'set_of_6_spice_tins_pantry_design'} => {'set_of_3_cake_tins_pantry_design_'}
{'lunch_bag_doiley_pattern_'},{'jumbo_bag_doiley_patterns'},0.043154299906861225,0.050294939459795095,0.01825520024837007,0.4230215827338129,8.410818012256861,0.016084757347124643,1.6459975488165643,1.133511347306431e-06,{'lunch_bag_doiley_pattern_'} => {'jumbo_bag_doiley_patterns'}
{'jumbo__bag_baroque_black_white'},{'jumbo_bag_pink_polkadot'},0.03470971747904378,0.04936355169202111,0.014343371623719342,0.41323792486583183,8.371316704357511,0.012629976690727115,1.6201395567200003,8.906160585979101e-07,{'jumbo__bag_baroque_black_white'} => {'jumbo_bag_pink_polkadot'}
{'lunch_bag_cars_blue'},{'lunch_bag_red_retrospot'},0.04160198696057125,0.05470350822725861,0.01881403290903446,0.45223880597014926,8.267089636945805,0.016538258273066545,1.7257456389311625,1.168210674264791e-06,{'lunch_bag_cars_blue'} => {'lunch_bag_red_retrospot'}
{'lunch_bag__black_skull.'},{'lunch_bag_red_retrospot'},0.04607264824588637,0.05470350822725861,0.020800993480285624,0.45148247978436656,8.25326371955417,0.018280657987915186,1.72336608573802,1.291586059005627e-06,{'lunch_bag__black_skull.'} => {'lunch_bag_red_retrospot'}
{'lunch_bag_suki__design_'},{'lunch_bag_red_retrospot'},0.04594846321018317,0.05470350822725861,0.020676808444582428,0.45,8.226163450624291,0.018163266309334285,1.718720894132257,1.2838750974593249e-06,{'lunch_bag_suki__design_'} => {'lunch_bag_red_retrospot'}
{'jumbo_bag_apples'},{'jumbo_bag_doiley_patterns'},0.03433716237193418,0.050294939459795095,0.013784538963054952,0.4014466546112116,7.9818498426093365,0.01205755346033737,1.5866673670052367,8.5591673163955e-07,{'jumbo_bag_apples'} => {'jumbo_bag_doiley_patterns'}
{'lunch_bag_spaceboy_design_'},{'lunch_bag_red_retrospot'},0.039552933871468486,0.05470350822725861,0.017075442409189692,0.4317111459968603,7.891836556503332,0.0149117581657396,1.6634084675669512,1.0602572126165596e-06,{'lunch_bag_spaceboy_design_'} => {'lunch_bag_red_retrospot'}
{'jumbo_bag_pink_polkadot'},{'jumbo_bag_red_retrospot'},0.04936355169202111,0.0834523439925489,0.03104625892579944,0.6289308176100629,7.53640685834082,0.026926754829302926,2.4700182594099105,1.927740386575563e-06,{'jumbo_bag_pink_polkadot'} => {'jumbo_bag_red_retrospot'}
"{'green_regency_teacup_and_saucer', 'pink_regency_teacup_and_saucer', 'roses_regency_teacup_and_saucer_'}",{'regency_cakestand_3_tier'},0.01782055262340888,0.07556659422539584,0.010121080409810617,0.56794425087108,7.515811142381876,0.008774441940845165,2.139616027881543,6.284433660236335e-07,"{'green_regency_teacup_and_saucer', 'pink_regency_teacup_and_saucer', 'roses_regency_teacup_and_saucer_'} => {'regency_cakestand_3_tier'}"
"{'pink_regency_teacup_and_saucer', 'roses_regency_teacup_and_saucer_'}",{'regency_cakestand_3_tier'},0.019807513194660044,0.07556659422539584,0.011176653213287799,0.5642633228840125,7.467100094533295,0.00967986690109275,2.121541413252509,6.939865391672026e-07,"{'pink_regency_teacup_and_saucer', 'roses_regency_teacup_and_saucer_'} => {'regency_cakestand_3_tier'}"
{'candleholder_pink_hanging_heart'},{'cream_hanging_heart_t-light_holder'},0.016330332194970505,0.09518782986650108,0.011549208320397393,0.7072243346007605,7.429776848496575,0.009994759437759095,3.0904623473390944,7.171194238061094e-07,{'candleholder_pink_hanging_heart'} => {'cream_hanging_heart_t-light_holder'}
{'jumbo_bag_strawberry'},{'jumbo_bag_red_retrospot'},0.03117044396150264,0.0834523439925489,0.019310773051847252,0.6195219123505976,7.423661010719028,0.016709526439971464,2.408936771286599,1.19905452045e-06,{'jumbo_bag_strawberry'} => {'jumbo_bag_red_retrospot'}
{'lunch_bag_apple_design'},{'lunch_bag_red_retrospot'},0.035951567836075754,0.05470350822725861,0.014529649177274138,0.40414507772020725,7.387918815759294,0.012562972290370521,1.5864541122794702,9.021825009173634e-07,{'lunch_bag_apple_design'} => {'lunch_bag_red_retrospot'}
{'jumbo_bag_toys_'},{'jumbo_bag_red_retrospot'},0.018006830176963674,0.0834523439925489,0.010990375659733003,0.610344827586207,7.313693041871922,0.00948766347358962,2.352201949045672,6.824200968477493e-07,{'jumbo_bag_toys_'} => {'jumbo_bag_red_retrospot'}
{'lunch_bag_vintage_leaf_design'},{'lunch_bag_red_retrospot'},0.025768394908413535,0.05470350822725861,0.010307357963365415,0.4,7.312145289443815,0.008897736360489766,1.575494152954569,6.400098083430869e-07,{'lunch_bag_vintage_leaf_design'} => {'lunch_bag_red_retrospot'}
{'jumbo_bag_scandinavian_blue_paisley'},{'jumbo_bag_red_retrospot'},0.02992859360447066,0.0834523439925489,0.018193107730518472,0.6078838174273858,7.284203035467298,0.015695496441824986,2.3374389957438697,1.1296558665332798e-06,{'jumbo_bag_scandinavian_blue_paisley'} => {'jumbo_bag_red_retrospot'}
"{'green_regency_teacup_and_saucer', 'pink_regency_teacup_and_saucer'}",{'regency_cakestand_3_tier'},0.021359826140950014,0.07556659422539584,0.01167339335610059,0.5465116279069768,7.232185511455926,0.010059304041382418,2.038494176836307,7.248303853524117e-07,"{'green_regency_teacup_and_saucer', 'pink_regency_teacup_and_saucer'} => {'regency_cakestand_3_tier'}"
{'jumbo_bag_woodland_animals'},{'jumbo_bag_red_retrospot'},0.023657249301459175,0.0834523439925489,0.014219186588016144,0.6010498687664042,7.202312601549806,0.012244933681393285,2.2973990588081508,8.829050970516078e-07,{'jumbo_bag_woodland_animals'} => {'jumbo_bag_red_retrospot'}
"{'green_regency_teacup_and_saucer', 'roses_regency_teacup_and_saucer_'}",{'regency_cakestand_3_tier'},0.02502328469419435,0.07556659422539584,0.01328779882024216,0.531017369727047,7.027144403824233,0.011396874419569417,1.971146362577595,8.250728854543409e-07,"{'green_regency_teacup_and_saucer', 'roses_regency_teacup_and_saucer_'} => {'regency_cakestand_3_tier'}"
{'jumbo_bag_spaceboy_design'},{'jumbo_bag_red_retrospot'},0.022912139087239988,0.0834523439925489,0.013411983855945359,0.5853658536585366,7.01437282229965,0.011499912143231882,2.21049728801797,8.327838470006432e-07,{'jumbo_bag_spaceboy_design'} => {'jumbo_bag_red_retrospot'}
{'jumbo_storage_bag_suki'},{'jumbo_bag_red_retrospot'},0.043154299906861225,0.0834523439925489,0.02508537721204595,0.581294964028777,6.965591812264474,0.021484049731460945,2.189005570189617,1.5576142323530549e-06,{'jumbo_storage_bag_suki'} => {'jumbo_bag_red_retrospot'}
{'jumbo__bag_baroque_black_white'},{'jumbo_bag_red_retrospot'},0.03470971747904378,0.0834523439925489,0.019807513194660044,0.5706618962432916,6.838176963540334,0.016910905911714694,2.1347922487840214,1.2298983666352091e-06,{'jumbo__bag_baroque_black_white'} => {'jumbo_bag_red_retrospot'}
{'pink_regency_teacup_and_saucer'},{'regency_cakestand_3_tier'},0.02669978267618752,0.07556659422539584,0.013411983855945359,0.5023255813953488,6.647455619040338,0.011394372212547643,1.8575063760891577,8.327838470006432e-07,{'pink_regency_teacup_and_saucer'} => {'regency_cakestand_3_tier'}
{'jumbo_bag_pink_vintage_paisley'},{'jumbo_bag_red_retrospot'},0.02949394597950947,0.0834523439925489,0.016330332194970505,0.5536842105263157,6.634735275689221,0.013868993269390825,2.0535855500166944,1.013991443338746e-06,{'jumbo_bag_pink_vintage_paisley'} => {'jumbo_bag_red_retrospot'}
{'jumbo_shopper_vintage_red_paisley'},{'jumbo_bag_red_retrospot'},0.04557590810307358,0.0834523439925489,0.024837007140639553,0.544959128065395,6.530183599325287,0.021033590779849058,2.0142095194894285,1.5421923092604503e-06,{'jumbo_shopper_vintage_red_paisley'} => {'jumbo_bag_red_retrospot'}
{'red_hanging_heart_t-light_holder'},{'cream_hanging_heart_t-light_holder'},0.02899720583669668,0.09518782986650108,0.018006830176963674,0.620985010706638,6.5237857778411,0.015246649081176279,2.3872727878663498,1.1180894242138264e-06,{'red_hanging_heart_t-light_holder'} => {'cream_hanging_heart_t-light_holder'}
{'green_regency_teacup_and_saucer'},{'regency_cakestand_3_tier'},0.0334057746041602,0.07556659422539584,0.016392424712822106,0.49070631970260226,6.493693737724247,0.013868064098524499,1.815128366082982,1.0178469241118973e-06,{'green_regency_teacup_and_saucer'} => {'regency_cakestand_3_tier'}
{'roses_regency_teacup_and_saucer_'},{'regency_cakestand_3_tier'},0.03669667805029494,0.07556659422539584,0.01769636758770568,0.48223350253807107,6.3815698918452215,0.014923324608059053,1.785425303309775,1.0988120203480708e-06,{'roses_regency_teacup_and_saucer_'} => {'regency_cakestand_3_tier'}
"{'jumbo_bag_vintage_leaf', 'jumbo_bag_doiley_patterns'}",{'jumbo_bag_red_retrospot'},0.019124495498292454,0.0834523439925489,0.010121080409810617,0.5292207792207793,6.341592745052567,0.008525096432803162,1.9468736417261723,6.284433660236335e-07,"{'jumbo_bag_vintage_leaf', 'jumbo_bag_doiley_patterns'} => {'jumbo_bag_red_retrospot'}"
{'jumbo_bag_owls'},{'jumbo_bag_red_retrospot'},0.02117354858739522,0.0834523439925489,0.010990375659733003,0.5190615835777126,6.2198562526183485,0.009223393399474748,1.9057484798691513,6.824200968477493e-07,{'jumbo_bag_owls'} => {'jumbo_bag_red_retrospot'}
{'jumbo_storage_bag_skulls'},{'jumbo_bag_red_retrospot'},0.02278795405153679,0.0834523439925489,0.011797578391803787,0.5177111716621253,6.203674419359023,0.009895870211408541,1.9004123714956755,7.325413468987138e-07,{'jumbo_storage_bag_skulls'} => {'jumbo_bag_red_retrospot'}
{'jumbo_bag_apples'},{'jumbo_bag_red_retrospot'},0.03433716237193418,0.0834523439925489,0.017199627444892892,0.5009041591320073,6.002277889003703,0.014334110758902233,1.836416136855509,1.067968174162862e-06,{'jumbo_bag_apples'} => {'jumbo_bag_red_retrospot'}
{'recycling_bag_retrospot_'},{'jumbo_bag_red_retrospot'},0.02266376901583359,0.0834523439925489,0.010183172927662217,0.4493150684931507,5.384091650358774,0.0082918282795852,1.6643775842921378,6.322988467967846e-07,{'recycling_bag_retrospot_'} => {'jumbo_bag_red_retrospot'}
{'jumbo_bag_vintage_leaf'},{'jumbo_bag_red_retrospot'},0.03495808755045017,0.0834523439925489,0.015461036945048122,0.44227353463587926,5.299713746511038,0.012543702597466313,1.6433641093382008,9.600147125146305e-07,{'jumbo_bag_vintage_leaf'} => {'jumbo_bag_red_retrospot'}
{'jumbo_bag_doiley_patterns'},{'jumbo_bag_red_retrospot'},0.050294939459795095,0.0834523439925489,0.021235641105246818,0.4222222222222222,5.059441137566138,0.017038410516363574,1.586332481551358,1.318574424417685e-06,{'jumbo_bag_doiley_patterns'} => {'jumbo_bag_red_retrospot'}
